Isolate ID,MLST,Count
8686,ST10,30
222A120,ST10,30
A43,ST10,30
BWH_1145_E_col_1,ST10,30
BWH_375_E_col_1,ST10,30
BWH_806_E_col_1,ST10,30
BWH_903_E_col_1,ST10,30
BWH_909_E_col_1,ST10,30
BWH_949_E_col_1,ST10,30
BWH_963_E_col_1,ST10,30
CMZE042,ST10,30
CMZE056,ST10,30
EC2,ST10,30
EC3,ST10,30
H48,ST10,30
MRSN612850,ST10,30
MRSN825064,ST10,30
MRSN831746,ST10,30
MRSN831930,ST10,30
MRSN831948,ST10,30
MRSN832080,ST10,30
PAT1-2,ST10,30
PAT1-5,ST10,30
RECU165,ST10,30
RECU200,ST10,30
RECU224,ST10,30
RECU230,ST10,30
UPEC_46,ST10,30
VUTI244,ST10,30
VUTI488,ST10,30
779,ST101,11
BWH_268_E_col_1,ST101,11
CHL5009T,ST101,11
MS6192,ST101,11
MS6193,ST101,11
MS6194,ST101,11
MS6203,ST101,11
MS6204,ST101,11
MS6207,ST101,11
SMG008F1,ST101,11
XA31,ST101,11
VUTI230,ST104,1
UPEC132,ST10522,1
MRSN831422,ST1057,1
E15,ST106,2
E21,ST106,2
MSHS_472,ST10754,1
MecR,ST10987,2
MecS,ST10987,2
IHSV24,ST11,1
BWH_972_E_col_1,ST111,1
UPEC_965,ST1136,1
E._coli_EC4,ST11605,1
BWH_1509_E_col_1,ST11613,1
PNUECU16,ST1163,1
BWH_483_E_col_1,ST11895,1
BR14_DEC,ST1193,135
BWH_1002_E_col_1,ST1193,135
BWH_1014_E_col_1,ST1193,135
BWH_1017_E_col_1,ST1193,135
BWH_1018_E_col_1,ST1193,135
BWH_1031_E_col_1,ST1193,135
BWH_1081_E_col_1,ST1193,135
BWH_1089_E_col_1,ST1193,135
BWH_1109_E_col_1,ST1193,135
BWH_1223_E_col_1,ST1193,135
BWH_1254_E_col_1,ST1193,135
BWH_1290_E_col_1,ST1193,135
BWH_1301_E_col_1,ST1193,135
BWH_133_E_col_1,ST1193,135
BWH_1508_E_col_1,ST1193,135
BWH_1836_E_col,ST1193,135
BWH_1857_E_col,ST1193,135
BWH_1904_E_col,ST1193,135
BWH_275_E_col_1,ST1193,135
BWH_316_E_col_1,ST1193,135
BWH_825_E_col_1,ST1193,135
BWH_831_E_col_1,ST1193,135
BWH_869_E_col_1,ST1193,135
BWH_874_E_col_1,ST1193,135
BWH_875_E_col_1,ST1193,135
BWH_885_E_col_1,ST1193,135
BWH_902_E_col_1,ST1193,135
BWH_965_E_col_1,ST1193,135
BWH_966_E_col_1,ST1193,135
CMZE011,ST1193,135
CMZE019,ST1193,135
CMZE032,ST1193,135
CMZE052,ST1193,135
CMZE084,ST1193,135
CMZE096,ST1193,135
CMZE125,ST1193,135
CORE_Eco3,ST1193,135
EC650,ST1193,135
EcPF40,ST1193,135
EQ101,ST1193,135
MRSN102004,ST1193,135
MRSN102063,ST1193,135
MRSN102064,ST1193,135
MRSN102067,ST1193,135
MRSN102071,ST1193,135
MRSN102072,ST1193,135
MRSN102073,ST1193,135
MRSN102074,ST1193,135
MRSN102075,ST1193,135
MRSN102076,ST1193,135
MRSN102077,ST1193,135
MRSN102078,ST1193,135
MRSN102079,ST1193,135
MRSN102080,ST1193,135
MRSN102081,ST1193,135
MRSN102082,ST1193,135
MRSN102083,ST1193,135
MRSN109951,ST1193,135
MRSN109952,ST1193,135
MRSN110003,ST1193,135
MRSN701919,ST1193,135
MRSN701977,ST1193,135
MRSN824972,ST1193,135
MRSN825110,ST1193,135
MRSN831560,ST1193,135
MRSN831608,ST1193,135
MRSN831674,ST1193,135
MRSN831788,ST1193,135
MRSN832434,ST1193,135
MS10708,ST1193,135
MS10710,ST1193,135
MS10711,ST1193,135
MS10712,ST1193,135
MS10744,ST1193,135
MS10746,ST1193,135
MS10774,ST1193,135
MS10775,ST1193,135
MS10776,ST1193,135
MS10777,ST1193,135
MS10778,ST1193,135
MS10779,ST1193,135
MS10780,ST1193,135
MS10781,ST1193,135
MS10782,ST1193,135
MS10784,ST1193,135
MS10840,ST1193,135
MS10847,ST1193,135
MS10848,ST1193,135
MS10849,ST1193,135
MS10850,ST1193,135
MS10851,ST1193,135
MS10852,ST1193,135
MS10853,ST1193,135
MS10854,ST1193,135
MS10855,ST1193,135
MS10856,ST1193,135
MS10857,ST1193,135
MS10858,ST1193,135
MS10859,ST1193,135
MS10860,ST1193,135
MS10861,ST1193,135
MS10862,ST1193,135
MS10863,ST1193,135
MS10864,ST1193,135
MS10865,ST1193,135
MS10866,ST1193,135
MS10867,ST1193,135
MS10868,ST1193,135
MS10869,ST1193,135
MS10870,ST1193,135
MS10871,ST1193,135
MS10872,ST1193,135
MS10873,ST1193,135
MS10874,ST1193,135
MS10875,ST1193,135
MS10878,ST1193,135
MS10879,ST1193,135
MS10939,ST1193,135
MS8320,ST1193,135
MS8324,ST1193,135
PAT20-2,ST1193,135
PNUECU21,ST1193,135
PNUECU26,ST1193,135
RECU197,ST1193,135
RECU204,ST1193,135
RECU214,ST1193,135
RECU228,ST1193,135
SMG014F11,ST1193,135
UPEC_455U_190220,ST1193,135
UPEC_774U_190308,ST1193,135
VUTI115,ST1193,135
VUTI247,ST1193,135
VUTI333,ST1193,135
VUTI477,ST1193,135
VUTI477_1,ST1193,135
BWH_1613_E_col,ST1196,2
CORE_Eco1,ST1196,2
A1.S1.65,ST12,23
AT31,ST12,23
BWH_1299_E_col_1,ST12,23
BWH_327_E_col_1,ST12,23
BWH_387_E_col_1,ST12,23
CMZE055,ST12,23
CPO526,ST12,23
EC6_1,ST12,23
GHA_BE_NMIMRSEQ_2021_11,ST12,23
KE4,ST12,23
MRSN612902,ST12,23
MRSN831448,ST12,23
MRSN831754,ST12,23
MRSN832160,ST12,23
MRSN832304,ST12,23
NA623,ST12,23
NA675,ST12,23
NA744,ST12,23
PAT22-2,ST12,23
VUTI152,ST12,23
VUTI152_1,ST12,23
VUTI480,ST12,23
VUTI485,ST12,23
SMG015U,ST1236,3
VUTI301,ST1236,3
VUTI301_1,ST1236,3
21EC,ST126,1
EC262,ST1266,1
536,ST127,18
6285,ST127,18
16843,ST127,18
BH100_substr.MG2014,ST127,18
BH100_substr.MG2017,ST127,18
BH100L_substr.MG2017,ST127,18
BH100N_substr.MG2017,ST127,18
BWH_237_E_col_1,ST127,18
Combat2C1,ST127,18
LRPF007,ST127,18
MRSN701951,ST127,18
TUM13754,ST127,18
VUTI129,ST127,18
VUTI193,ST127,18
VUTI194,ST127,18
VUTI364,ST127,18
VUTI476,ST127,18
VUTI481,ST127,18
VUTI114,ST1278,1
MRSN387370,ST1284,2
MRSN918597,ST1284,2
VUTI182,ST12928,1
D36,ST12948,1
VUTI491,ST1300,1
E7088,ST13038,1
16059,ST131,328
55989,ST131,328
81009,ST131,328
11EC,ST131,328
14EC,ST131,328
2_0,ST131,328
20EC,ST131,328
222A118,ST131,328
22EC,ST131,328
24EC,ST131,328
4_0,ST131,328
42GP,ST131,328
4EC,ST131,328
5EC,ST131,328
9EC,ST131,328
A1.S1.18,ST131,328
BR43_DEC,ST131,328
BWH_1010_E_col_1,ST131,328
BWH_1016_E_col_1,ST131,328
BWH_1019_E_col_1,ST131,328
BWH_1032_E_col_1,ST131,328
BWH_1036_E_col_1,ST131,328
BWH_1045_E_col_1,ST131,328
BWH_1059_E_col_1,ST131,328
BWH_1077_E_col_1,ST131,328
BWH_1085_E_col_1,ST131,328
BWH_1092_E_col_1,ST131,328
BWH_1130_E_col_1,ST131,328
BWH_1149_E_col_1,ST131,328
BWH_1155_E_col_1,ST131,328
BWH_1160_E_col_1,ST131,328
BWH_1161_E_col_1,ST131,328
BWH_1182_E_col_1,ST131,328
BWH_1228_E_col_1,ST131,328
BWH_1231_E_col_1,ST131,328
BWH_1256_E_col_1,ST131,328
BWH_1285_E_col_1,ST131,328
BWH_1294_E_col_1,ST131,328
BWH_1307_E_col_1,ST131,328
BWH_135_E_col_1,ST131,328
BWH_144_E_col_1,ST131,328
BWH_1474_E_col_1,ST131,328
BWH_1485_E_col_1,ST131,328
BWH_150_E_col_1,ST131,328
BWH_1503_E_col_1,ST131,328
BWH_1506_E_col_1,ST131,328
BWH_1507_E_col_1,ST131,328
BWH_1534_E_col_1,ST131,328
BWH_1535_E_col_1,ST131,328
BWH_1560_E_col,ST131,328
BWH_1609_E_col,ST131,328
BWH_1614_E_col,ST131,328
BWH_1617_E_col,ST131,328
BWH_1841_E_col,ST131,328
BWH_1843_E_col,ST131,328
BWH_1861_E_col,ST131,328
BWH_1865_E_col,ST131,328
BWH_1870_E_col,ST131,328
BWH_1887_E_col,ST131,328
BWH_1891_E_col,ST131,328
BWH_1905_E_col,ST131,328
BWH_191_E_col_1,ST131,328
BWH_1910_E_col,ST131,328
BWH_216_E_col_1,ST131,328
BWH_220_E_col_1,ST131,328
BWH_236_E_col_1,ST131,328
BWH_238_E_col_1,ST131,328
BWH_239_E_col_1,ST131,328
BWH_240_E_col_1,ST131,328
BWH_261_E_col_1,ST131,328
BWH_267_E_col_1,ST131,328
BWH_272_E_col_1,ST131,328
BWH_277_E_col_1,ST131,328
BWH_300_E_col_1,ST131,328
BWH_318_E_col_1,ST131,328
BWH_336_E_col_1,ST131,328
BWH_349_E_col_1,ST131,328
BWH_350_E_col_1,ST131,328
BWH_355_E_col_1,ST131,328
BWH_362_E_col_1,ST131,328
BWH_365_E_col_1,ST131,328
BWH_377_E_col_1,ST131,328
BWH_389_E_col_1,ST131,328
BWH_395_E_col_1,ST131,328
BWH_485_E_col_1,ST131,328
BWH_516_E_col_1,ST131,328
BWH_670_E_col_1,ST131,328
BWH_759_E_col_1,ST131,328
BWH_762_E_col_1,ST131,328
BWH_792_E_col_1,ST131,328
BWH_793_E_col_1,ST131,328
BWH_824_E_col_1,ST131,328
BWH_832_E_col_1,ST131,328
BWH_843_E_col_1,ST131,328
BWH_846_E_col_1,ST131,328
BWH_850_E_col_1,ST131,328
BWH_852_E_col_1,ST131,328
BWH_858_E_col_1,ST131,328
BWH_873_E_col_1,ST131,328
BWH_883_E_col_1,ST131,328
BWH_887_E_col_1,ST131,328
BWH_893_E_col_1,ST131,328
BWH_895_E_col_1,ST131,328
BWH_896_E_col_1,ST131,328
BWH_937_E_col_1,ST131,328
BWH_944_E_col_1,ST131,328
BWH_948_E_col_1,ST131,328
BWH_967_E_col_1,ST131,328
BWH_976_E_col_1,ST131,328
BWH_977_E_col_1,ST131,328
BWH_982_E_col_1,ST131,328
BWH_983_E_col_1,ST131,328
BWH_984_E_col_1,ST131,328
BWH_994_E_col_1,ST131,328
C31,ST131,328
C39,ST131,328
C64,ST131,328
CMZE001,ST131,328
CMZE002,ST131,328
CMZE003,ST131,328
CMZE004,ST131,328
CMZE006,ST131,328
CMZE007,ST131,328
CMZE008,ST131,328
CMZE010,ST131,328
CMZE012,ST131,328
CMZE013,ST131,328
CMZE015,ST131,328
CMZE018,ST131,328
CMZE020,ST131,328
CMZE022,ST131,328
CMZE023,ST131,328
CMZE024,ST131,328
CMZE025,ST131,328
CMZE027,ST131,328
CMZE028,ST131,328
CMZE029,ST131,328
CMZE030,ST131,328
CMZE031,ST131,328
CMZE033,ST131,328
CMZE034,ST131,328
CMZE036,ST131,328
CMZE045,ST131,328
CMZE046,ST131,328
CMZE047,ST131,328
CMZE048,ST131,328
CMZE049,ST131,328
CMZE051,ST131,328
CMZE053,ST131,328
CMZE054,ST131,328
CMZE057,ST131,328
CMZE058,ST131,328
CMZE059,ST131,328
CMZE061,ST131,328
CMZE062,ST131,328
CMZE063,ST131,328
CMZE064,ST131,328
CMZE065,ST131,328
CMZE066,ST131,328
CMZE068,ST131,328
CMZE070,ST131,328
CMZE072,ST131,328
CMZE074,ST131,328
CMZE076,ST131,328
CMZE077,ST131,328
CMZE078,ST131,328
CMZE079,ST131,328
CMZE081,ST131,328
CMZE083,ST131,328
CMZE085,ST131,328
CMZE086,ST131,328
CMZE087,ST131,328
CMZE089,ST131,328
CMZE090,ST131,328
CMZE091,ST131,328
CMZE092,ST131,328
CMZE094,ST131,328
CMZE095,ST131,328
CMZE097,ST131,328
CMZE098,ST131,328
CMZE099,ST131,328
CMZE100,ST131,328
CMZE101,ST131,328
CMZE102,ST131,328
CMZE103,ST131,328
CMZE104,ST131,328
CMZE105,ST131,328
CMZE107,ST131,328
CMZE108,ST131,328
CMZE109,ST131,328
CMZE110,ST131,328
CMZE111,ST131,328
CMZE113,ST131,328
CMZE118,ST131,328
CMZE120,ST131,328
CMZE121,ST131,328
CMZE123,ST131,328
CMZE127,ST131,328
CMZE128,ST131,328
CMZE130,ST131,328
CMZE131,ST131,328
CMZE132,ST131,328
CMZE133,ST131,328
CMZE134,ST131,328
CMZE135,ST131,328
CPO478,ST131,328
CQ7,ST131,328
E._coli_EC5,ST131,328
EC13,ST131,328
EC15,ST131,328
EC1O25bH4ST131,ST131,328
EC593,ST131,328
EcLESPA_112,ST131,328
EcLESPA_122,ST131,328
EcPF18,ST131,328
F7,ST131,328
G16,ST131,328
G23,ST131,328
G8,ST131,328
GHA_BE_NMIMRSEQ_2021_6,ST131,328
GHA_BE_NMIMRSEQ_2021_7,ST131,328
H6,ST131,328
KE25,ST131,328
LRPF62,ST131,328
M24,ST131,328
M45,ST131,328
M70,ST131,328
MNCRE44,ST131,328
MRSN102001,ST131,328
MRSN102032,ST131,328
MRSN102087,ST131,328
MRSN109932,ST131,328
MRSN109935,ST131,328
MRSN109957,ST131,328
MRSN109961,ST131,328
MRSN109972,ST131,328
MRSN109980,ST131,328
MRSN109998,ST131,328
MRSN110000,ST131,328
MRSN110023,ST131,328
MRSN110024,ST131,328
MRSN110025,ST131,328
MRSN387343,ST131,328
MRSN387389,ST131,328
MRSN387404,ST131,328
MRSN387413,ST131,328
MRSN488642,ST131,328
MRSN488758,ST131,328
MRSN488828,ST131,328
MRSN489094,ST131,328
MRSN570013,ST131,328
MRSN570086,ST131,328
MRSN570235,ST131,328
MRSN570572,ST131,328
MRSN612726,ST131,328
MRSN613202,ST131,328
MRSN701679,ST131,328
MRSN701725,ST131,328
MRSN701969,ST131,328
MRSN702001,ST131,328
MRSN702027,ST131,328
MRSN702123,ST131,328
MRSN824754,ST131,328
MRSN824770,ST131,328
MRSN831430,ST131,328
MRSN831472,ST131,328
MRSN831704,ST131,328
MRSN831712,ST131,328
MRSN831998,ST131,328
MRSN832468,ST131,328
MRSN832548,ST131,328
MRSN832556,ST131,328
O25b_H4,ST131,328
PAT14-3,ST131,328
PAT15-3,ST131,328
PAT7-3,ST131,328
PAT7-4,ST131,328
PAT9-3,ST131,328
PNUECU14,ST131,328
PNUECU15,ST131,328
PNUECU20,ST131,328
PNUECU27,ST131,328
PNUECU9,ST131,328
RECU172,ST131,328
RECU175,ST131,328
RECU184,ST131,328
RECU215,ST131,328
RECU218,ST131,328
RECU219,ST131,328
RECU221,ST131,328
RECU227,ST131,328
RECU231,ST131,328
RECU232,ST131,328
SA186,ST131,328
SAH2009_1,ST131,328
SAH2009_37,ST131,328
SAH2009_47,ST131,328
SAH2009_51,ST131,328
SAH2009_54,ST131,328
SAH2010_66,ST131,328
SMG014F12,ST131,328
U1,ST131,328
U3,ST131,328
UCS2,ST131,328
UPTC_GRECO_8,ST131,328
UTI_PT7,ST131,328
VUTI117,ST131,328
VUTI118,ST131,328
VUTI149,ST131,328
VUTI164,ST131,328
VUTI189,ST131,328
VUTI189_1,ST131,328
VUTI197,ST131,328
VUTI197_1,ST131,328
VUTI237,ST131,328
VUTI239,ST131,328
VUTI272,ST131,328
VUTI325,ST131,328
VUTI335,ST131,328
VUTI349,ST131,328
VUTI353,ST131,328
VUTI464,ST131,328
VUTI464_1,ST131,328
VUTI468,ST131,328
VUTI468_1,ST131,328
VUTI483,ST131,328
VUTI487,ST131,328
ZRUEC11,ST131,328
MRSN110015,ST13823,1
EC7_1,ST14,9
MRSN831536,ST14,9
MS10881,ST14,9
MS8318,ST14,9
MS8322,ST14,9
NA664,ST14,9
SMG007F1,ST14,9
SMG007F7,ST14,9
SMG007U,ST14,9
508,ST141,9
BWH_1226_E_col_1,ST141,9
BWH_905_E_col_1,ST141,9
BWH_907_E_col_1,ST141,9
BWH_938_E_col_1,ST141,9
BWH_952_E_col_1,ST141,9
EC57,ST141,9
PAT8-2,ST141,9
PAT8-4,ST141,9
BWH_1496_E_col_1,ST1431,2
BWH_1497_E_col_1,ST1431,2
KL53,ST1434,1
KE24,ST1441,1
IN01,ST1463,2
IN02,ST1463,2
BWH_1033_E_col_1,ST1485,6
M160133,ST1485,6
PAT2-4,ST1485,6
PAT2-5,ST1485,6
PAT2-6,ST1485,6
PAT2-7,ST1485,6
6EC,ST155,3
BWH_265_E_col_1,ST155,3
CMZE080,ST155,3
UFU_EC98,ST156,1
CMZE060,ST1588,1
PAT1-9,ST1597,1
BWH_1013_E_col_1,ST162,8
BWH_134_E_col_1,ST162,8
BWH_872_E_col_1,ST162,8
CMZE005,ST162,8
G25,ST162,8
IN05,ST162,8
MRSN832564,ST162,8
VUTI154,ST162,8
APEC_01,ST167,15
CREC_5,ST167,15
EC2_,ST167,15
ECO3183,ST167,15
H106,ST167,15
KEC2,ST167,15
MRSN102069,ST167,15
MRSN109931,ST167,15
MRSN110004,ST167,15
MRSN110016,ST167,15
MRSN701709,ST167,15
MRSN701717,ST167,15
MRSN701733,ST167,15
SLDY13,ST167,15
Y5,ST167,15
VUTI360,ST1670,2
VUTI360_1,ST1670,2
GHA_BE_NMIMRSEQ_2021_8,ST1722,1
MRSN570712,ST1737,1
MRSN832514,ST1844,3
VUTI342,ST1844,3
VUTI342_1,ST1844,3
VUTI204,ST1859,2
VUTI204_1,ST1859,2
EC9_1,ST1880,1
BWH_1867_E_col,ST2015,4
BWH_989_E_col_1,ST2015,4
VUTI119,ST2015,4
VUTI290,ST2015,4
GHA_BE_NMIMRSEQ_2021_3,ST205,1
CREC_1,ST2083,2
CREC-9,ST2083,2
23EC,ST212,1
MRSN832370,ST2141,1
CMZE082,ST215,1
EcPF16,ST216,1
VUTI490,ST2165,1
BR02_DEC,ST2179,3
BR03_DEC,ST2179,3
BR07_DEC,ST2179,3
EC1515,ST219,2
EC974,ST219,2
VUTI320,ST2200,1
BR29_DEC,ST224,4
BR64_DEC,ST224,4
MRSN831414,ST224,4
MRSN831528,ST224,4
VUTI223,ST2248,1
BWH_1060_E_col_1,ST2279,8
BWH_1125_E_col_1,ST2279,8
BWH_1612_E_col_1,ST2279,8
BWH_665_E_col_1,ST2279,8
EcLESPA_169,ST2279,8
EcLESPA_192,ST2279,8
EcPF7,ST2279,8
UTI-U7,ST2279,8
CMZE117,ST23,1
BWH_1046_E_col_1,ST2380,1
BR10_DEC,ST2509,2
VUTI282,ST2509,2
VUTI126,ST2521,1
GHA_BE_NMIMRSEQ_2021_5,ST2522,1
PAT10-3,ST2558,1
MRSN701687,ST2598,1
MRSN832194,ST2607,1
PAT16-2,ST2613,1
VUTI307,ST2618,1
VUTI337,ST2792,1
Combat11I9,ST2847,1
UPEC_245U_190328,ST295,1
MRSN102003,ST315,2
MRSN102029,ST315,2
GHA_BE_NMIMRSEQ_2021_4,ST34,2
UPTC_GRECO_10,ST34,2
VUTI479,ST348,2
VUTI479_1,ST348,2
MRSN831884,ST3489,1
BWH_1593_E_col,ST349,3
VUTI172,ST349,3
VUTI172_1,ST349,3
16EC,ST351,1
222A040,ST354,2
H17,ST354,2
PAT17-2,ST357,3
PAT19-2,ST357,3
VUTI198,ST357,3
BWH_1846_E_col,ST3580,2
VUTI412,ST3580,2
A1.S1.160,ST361,3
CPO195,ST361,3
SMG012F3,ST361,3
VUTI473,ST362,2
VUTI473_1,ST362,2
BWH_1295_E_col_1,ST372,2
BWH_946_E_col_1,ST372,2
55451,ST38,48
57464,ST38,48
59306,ST38,48
59401,ST38,48
59609,ST38,48
60448,ST38,48
60730,ST38,48
60731,ST38,48
61331,ST38,48
61464,ST38,48
64796,ST38,48
28Eco12,ST38,48
BWH_1038_E_col_1,ST38,48
BWH_1094_E_col_1,ST38,48
BWH_1123_E_col_1,ST38,48
BWH_1597_E_col_1,ST38,48
BWH_1886_E_col,ST38,48
BWH_234_E_col_1,ST38,48
BWH_302_E_col_1,ST38,48
BWH_795_E_col_1,ST38,48
BWH_926_E_col_1,ST38,48
BWH_970_E_col_1,ST38,48
BWH_973_E_col_1,ST38,48
CMZE017,ST38,48
CMZE026,ST38,48
CMZE044,ST38,48
CMZE106,ST38,48
CRE1345,ST38,48
EC11,ST38,48
EC35,ST38,48
G24,ST38,48
GU27,ST38,48
HOS16,ST38,48
HOS46,ST38,48
HOS59,ST38,48
HOS72,ST38,48
MOC8113,ST38,48
MOC9136,ST38,48
MRSN570466,ST38,48
MRSN832716,ST38,48
RECU168,ST38,48
VUTI113,ST38,48
VUTI327,ST38,48
VUTI327_1,ST38,48
VUTI341,ST38,48
VUTI341_1,ST38,48
VUTI371,ST38,48
ZRUEC59,ST38,48
VUTI249,ST388,1
Combat13F7,ST3902,1
CMZE067,ST393,5
CMZE069,ST393,5
EcPNK004,ST393,5
MRSN702019,ST393,5
VUTI229,ST393,5
CPO114,ST394,2
EcPF15,ST394,2
EC6563,ST3941,1
VUTI131,ST399,1
MS8315,ST404,6
MS8317,ST404,6
MS8319,ST404,6
UPEC_AU_2,ST404,6
VUTI174,ST404,6
VUTI199,ST404,6
18070201,ST405,17
12EC,ST405,17
BWH_1302_E_col_1,ST405,17
BWH_219_E_col_1,ST405,17
BWH_930_E_col_1,ST405,17
CPO077,ST405,17
CPO083,ST405,17
CPO124,ST405,17
CREC_3,ST405,17
EcLESPA_79,ST405,17
FDAARGOS_448,ST405,17
G21,ST405,17
H61,ST405,17
MRSN831544,ST405,17
U1007,ST405,17
VUTI154_1,ST405,17
VUTI347,ST405,17
AT01,ST410,19
BM716,ST410,19
BR12_DEC,ST410,19
BWH_1183_E_col_1,ST410,19
BWH_1188_E_col_1,ST410,19
BWH_829_E_col_1,ST410,19
CPO122,ST410,19
CREC_2,ST410,19
CREC-8,ST410,19
Ec1079,ST410,19
G62,ST410,19
MRSN109943,ST410,19
MRSN109999,ST410,19
MRSN110014,ST410,19
MRSN613248,ST410,19
MRSN702317,ST410,19
MRSN824842,ST410,19
MS10495,ST410,19
ST410,ST410,19
VUTI217,ST420,5
VUTI276,ST420,5
VUTI314,ST420,5
VUTI338,ST420,5
VUTI403,ST420,5
IN06,ST4219,5
UPTC_GRECO_9,ST428,1
EC28,ST429,1
MRSN832484,ST43,1
RECU193,ST4380,1
VUTI321,ST4385,2
VUTI321_1,ST4385,2
10EC,ST44,11
13EC,ST44,11
2EC,ST44,11
B2,ST44,11
BWH_1190_E_col_1,ST44,11
BWH_1209_E_col_1,ST44,11
BWH_1238_E_col_1,ST44,11
BWH_742_E_col_1,ST44,11
BWH_848_E_col_1,ST44,11
GHA_BE_NMIMRSEQ_2021_9,ST44,11
MRSN101993,ST44,11
BWH_761_E_col_1,ST443,2
RECU199,ST443,2
BWH_1460_E_col_1,ST448,4
BWH_1463_E_col_1,ST448,4
CRE1,ST448,4
CREC_4,ST448,4
PNUECU86,ST4496,1
CMZE040,ST450,4
MRSN570660,ST450,4
PNUECU17,ST450,4
RECU234,ST450,4
13TMH22,ST453,8
BK31926,ST453,8
BK32599,ST453,8
C63,ST453,8
E24377A,ST453,8
EDL933,ST453,8
MG655,ST453,8
Sakai,ST453,8
AR_Bank_0349,ST457,3
EC0125,ST457,3
EcLESPA_187,ST457,3
EcPNK006,ST46,2
MRSN831826,ST46,2
MRSN831464,ST48,2
PK5074,ST48,2
VUTI467,ST491,1
BWH_328_E_col_1,ST4981,2
CH611_eco,ST4981,2
EcLESPA_72,ST5148,1
BWH_1558_E_col_1,ST515,1
CMZE088,ST5150,2
UPEC_AU_3,ST5150,2
MRSN831578,ST517,1
10926,ST533,2
CMZE129,ST533,2
K56_43_un,ST537,1
FDAARGOS_144,ST538,1
MRSN102006,ST540,1
BWH_1598_E_col,ST543,1
MS8316,ST550,1
BWH_351_E_col_1,ST5614,1
BWH_975_E_col_1,ST569,2
E._coli_EC3,ST569,2
E5,ST58,11
EcPF20,ST58,11
MRSN110032,ST58,11
MRSN831594,ST58,11
MRSN831640,ST58,11
MRSN831658,ST58,11
MRSN831796,ST58,11
MRSN831842,ST58,11
PAT4-4,ST58,11
UPTC_GRECO_1,ST58,11
UPTC_GRECO_7,ST58,11
BWH_1048_E_col_1,ST5896,1
UPEC_1002,ST59,4
UPTC_GRECO_2,ST59,4
VUTI308,ST59,4
VUTI308_1,ST59,4
UMN026,ST597,1
13KWH46,ST602,2
E._coli_N15-72,ST602,2
5CRE51,ST617,11
7EC,ST617,11
8EC,ST617,11
BR32_DEC,ST617,11
BWH_811_E_col_1,ST617,11
GHA_BE_NMIMRSEQ_2021_2,ST617,11
MRSN109959,ST617,11
MRSN613044,ST617,11
MRSN613053,ST617,11
MRSN832136,ST617,11
PNUECU39,ST617,11
IAI39,ST62,4
MRSN832660,ST62,4
RECU217,ST62,4
VUTI125,ST62,4
C41,ST624,2
EC256,ST624,2
BWH_1015_E_col_1,ST636,10
BWH_1151_E_col_1,ST636,10
BWH_1495_E_col_1,ST636,10
BWH_1619_E_col,ST636,10
BWH_1868_E_col,ST636,10
BWH_851_E_col_1,ST636,10
BWH_861_E_col_1,ST636,10
MRSN702149,ST636,10
MRSN832506,ST636,10
VUTI397,ST636,10
XH987,ST6388,2
XH989,ST6388,2
BR25_DEC,ST641,1
BWH_845_E_col_1,ST642,1
VUTI168,ST6422,1
9602,ST6448,1
201609,ST648,23
1.EC,ST648,23
18EC,ST648,23
BM502,ST648,23
BWH_1242_E_col_1,ST648,23
BWH_1854_E_col,ST648,23
BWH_192_E_col_1,ST648,23
BWH_315_E_col_1,ST648,23
BWH_884_E_col_1,ST648,23
BWH_932_E_col_1,ST648,23
BWH_942_E_col_1,ST648,23
CLSC36,ST648,23
CMZE116,ST648,23
CRE747,ST648,23
CUIB1,ST648,23
MRSN102065,ST648,23
MRSN109930,ST648,23
MRSN570679,ST648,23
MRSN570688,ST648,23
MRSN701775,ST648,23
MS6198,ST648,23
URN_2924,ST648,23
VUTI120,ST648,23
VUTI135,ST6559,1
VUTI213,ST6633,1
VUTI316,ST681,1
BK31464,ST683,2
MRSN831632,ST683,2
IN08,ST685,1
228,ST69,58
118UI,ST69,58
BWH_1224_E_col_1,ST69,58
BWH_1255_E_col_1,ST69,58
BWH_1468_E_col_1,ST69,58
BWH_1537_E_col_1,ST69,58
BWH_1544_E_col_1,ST69,58
BWH_1893_E_col,ST69,58
BWH_1913_E_col,ST69,58
BWH_330_E_col_1,ST69,58
BWH_764_E_col_1,ST69,58
BWH_804_E_col_1,ST69,58
BWH_870_E_col_1,ST69,58
BWH_897_E_col_1,ST69,58
CMZE009,ST69,58
CMZE114,ST69,58
EC1,ST69,58
EC167,ST69,58
EC8_1,ST69,58
EcLESPA_121,ST69,58
EcLESPA_135,ST69,58
GHA_BE_NMIMRSEQ_2021_10,ST69,58
IN04,ST69,58
MRSN109956,ST69,58
MRSN612939,ST69,58
MRSN831480,ST69,58
MRSN831552,ST69,58
MRSN831616,ST69,58
MRSN831624,ST69,58
MRSN831666,ST69,58
MRSN831690,ST69,58
MRSN831720,ST69,58
MRSN831770,ST69,58
MRSN831800,ST69,58
MRSN832098,ST69,58
MRSN832152,ST69,58
MRSN832476,ST69,58
PAT5-5,ST69,58
RECU203,ST69,58
RECU222,ST69,58
SMG017F1,ST69,58
UPEC_1004,ST69,58
UPEC_973,ST69,58
UPEC_974,ST69,58
UPTC_GRECO_4,ST69,58
VUTI150,ST69,58
VUTI150_1,ST69,58
VUTI169,ST69,58
VUTI188,ST69,58
VUTI188_1,ST69,58
VUTI266,ST69,58
VUTI266_1,ST69,58
VUTI286,ST69,58
VUTI286_1,ST69,58
VUTI296,ST69,58
VUTI296_1,ST69,58
VUTI317,ST69,58
VUTI486,ST69,58
UPTC_GRECO_6,ST6999,1
VUTI410,ST70,1
VUTI340,ST711,2
VUTI340_1,ST711,2
VUTI263,ST7231,1
BWH_844_E_col_1,ST7233,1
TUM17668,ST7278,1
4710,ST73,50
ABU_83972,ST73,50
BWH_1250_E_col_1,ST73,50
BWH_1512_E_col_1,ST73,50
BWH_890_E_col_1,ST73,50
CFT073,ST73,50
CMZE112,ST73,50
EcPF14,ST73,50
EcPF5,ST73,50
IN03,ST73,50
IN09,ST73,50
MRSN110028,ST73,50
MRSN537814,ST73,50
MRSN825370,ST73,50
MRSN831956,ST73,50
MRSN832572,ST73,50
NA334,ST73,50
NA336,ST73,50
PAT21-2,ST73,50
PNUECU11,ST73,50
PNUECU40,ST73,50
PNUECU75,ST73,50
RECU185,ST73,50
RECU226,ST73,50
SMG009F1,ST73,50
UPEC_26_1,ST73,50
UPEC_AU_1,ST73,50
UPEC_U013,ST73,50
UPTC_GRECO_3,ST73,50
VUTI116,ST73,50
VUTI146,ST73,50
VUTI163,ST73,50
VUTI184,ST73,50
VUTI184_1,ST73,50
VUTI207,ST73,50
VUTI207_1,ST73,50
VUTI232,ST73,50
VUTI248,ST73,50
VUTI248_1,ST73,50
VUTI264,ST73,50
VUTI287,ST73,50
VUTI287_1,ST73,50
VUTI288,ST73,50
VUTI312,ST73,50
VUTI380,ST73,50
VUTI380_1,ST73,50
VUTI409,ST73,50
VUTI475,ST73,50
VUTI475_1,ST73,50
VUTI489,ST73,50
AR_Bank_0346,ST744,5
BWH_1253_E_col_1,ST744,5
MRSN570484,ST744,5
PAT3-3,ST744,5
PAT3-5,ST744,5
C56,ST75,1
MRSN110034,ST7514,2
MRSN613141,ST7514,2
EC931,ST773,1
BWH_828_E_col_1,ST7949,1
VUTI145,ST80,2
VUTI366,ST80,2
CMZE073,ST803,1
NA266,ST827,1
VUTI270,ST86,2
VUTI270_1,ST86,2
7655,ST88,4
PAT12-2,ST88,4
PAT12-3,ST88,4
RECU169,ST88,4
MRSN102043,ST8881,1
BWH_1293_E_col_1,ST90,2
BWH_871_E_col_1,ST90,2
IN07,ST919,1
UPEC_1007,ST9265,1
VUTI463,ST929,2
VUTI463_1,ST929,2
A50,ST93,5
BWH_888_E_col_1,ST93,5
EC149,ST93,5
PAT3-1,ST93,5
SMG017F2,ST93,5
3EC,ST95,30
BK32884,ST95,30
BWH_664_E_col_1,ST95,30
BWH_826_E_col_1,ST95,30
CMZE014,ST95,30
CMZE050,ST95,30
CMZE115,ST95,30
EC10,ST95,30
EC154,ST95,30
MRSN831892,ST95,30
MRSN831906,ST95,30
MRSN918441,ST95,30
NU14,ST95,30
PAT13-3,ST95,30
PAT18-2,ST95,30
PAT23-3_1,ST95,30
PAT5-2,ST95,30
PAT6-2,ST95,30
PAT6-3,ST95,30
PAT6-4,ST95,30
UTI89,ST95,30
VUTI128,ST95,30
VUTI157,ST95,30
VUTI157_1,ST95,30
VUTI265,ST95,30
VUTI389,ST95,30
VUTI390,ST95,30
VUTI405,ST95,30
VUTI482,ST95,30
VUTI518,ST95,30
BWH_1082_E_col_1,ST963,3
BWH_1300_E_col_1,ST963,3
BWH_997_E_col_1,ST963,3
VUTI377,ST969,1
MRSN825304,ST998,6
NA608,ST998,6
NA611,ST998,6
SMG013U,ST998,6
VUTI224,ST998,6
VUTI300,ST998,6
12693,Unknown,34
26EC,Unknown,34
A1.S1.126,Unknown,34
ATCC_700415,Unknown,34
B51,Unknown,34
BWH_139_E_col_1,Unknown,34
BWH_1858_E_col,Unknown,34
BWH_1889_E_col,Unknown,34
BWH_1903_E_col,Unknown,34
BWH_205_E_col_1,Unknown,34
BWH_218_E_col_1,Unknown,34
BWH_998_E_col_1,Unknown,34
CMZE043,Unknown,34
CMZE071,Unknown,34
CMZE093,Unknown,34
CMZE119,Unknown,34
D1,Unknown,34
EC1390,Unknown,34
GHA_BE_NMIMRSEQ_2021_1,Unknown,34
H38,Unknown,34
MSHS_133,Unknown,34
PAT23-2_1,Unknown,34
PNUECU28,Unknown,34
PNUECU56,Unknown,34
PNUECU61,Unknown,34
PNUECU70,Unknown,34
RECU206,Unknown,34
UPEC_ECZMYU21,Unknown,34
VUTI134,Unknown,34
VUTI180,Unknown,34
VUTI202,Unknown,34
VUTI202_1,Unknown,34
VUTI215,Unknown,34
VUTI404,Unknown,34
