Strain,Host,Collection date,Length,N50,Contigs,GC Content,CDS,MLST,Phylogroup,Serovar,Host disease,Level,Platform,Genome Coverage,BioProject Accession,BioSample Accession,Assembly Accession,Genbank Accession,Method,Location,Isolation source,Isolation type,SNP cluster,Additional Metadata
22.0322,Homo sapiens,2021,5291557,177225,101,50.5,5221,ST131,B2,O25:H4,Urinary tract infection,Contig,ILLUMINA,120x,PRJNA357722,SAMN29923014,GCA_024395275.1,,SKESA v. 2.2,Pakistan,urine,clinical,,National University of Sciences & Technology
22.0323,Homo sapiens,2021,5212522,222065,110,50.5,5041,ST73,B2,O6:H1,Urinary tract infection,Contig,ILLUMINA,104x,PRJNA357722,SAMN29923015,GCA_024395415.1,,SKESA v. 2.2,Pakistan,urine,clinical,,National University of Sciences & Technology
22.0324,Homo sapiens,2021,5156718,148699,105,51,5065,ST131,B2,O25:H4,Urinary tract infection,Contig,ILLUMINA,100x,PRJNA357722,SAMN29923016,GCA_024395435.1,,SKESA v. 2.2,Pakistan,urine,clinical,,National University of Sciences & Technology
22.0325,Homo sapiens,2021,5044452,104610,132,51,4943,ST678,B1,O104:H4,Urinary tract infection,Contig,ILLUMINA,88x,PRJNA357722,SAMN29923017,GCA_024395455.1,,SKESA v. 2.2,Pakistan,urine,clinical,PDS000180843.3,National University of Sciences & Technology
22.0326,Homo sapiens,2021,5351403,214909,99,50.5,5235,ST69,D,O15:H18,Urinary tract infection,Contig,ILLUMINA,104x,PRJNA357722,SAMN29923018,GCA_024395475.1,,SKESA v. 2.2,Pakistan,urine,clinical,,National University of Sciences & Technology
22.0327,Homo sapiens,2021,5423287,219070,156,50.5,5332,ST69,D,O15:H18,Urinary tract infection,Contig,ILLUMINA,76x,PRJNA357722,SAMN29923019,GCA_024395635.1,,SKESA v. 2.2,Pakistan,urine,clinical,,National University of Sciences & Technology
22.0328,Homo sapiens,2021,5270202,153084,130,50.5,5181,ST131,B2,O25:H4,Urinary tract infection,Contig,ILLUMINA,68x,PRJNA357722,SAMN29923020,GCA_024395515.1,,SKESA v. 2.2,Pakistan,urine,clinical,,National University of Sciences & Technology
22.0329,Homo sapiens,2021,4760540,148405,99,51,4620,ST10,A,O9:H9,Urinary tract infection,Contig,ILLUMINA,163x,PRJNA357722,SAMN29923021,GCA_024395535.1,,SKESA v. 2.2,Pakistan,urine,clinical,PDS000114318.1,National University of Sciences & Technology
22.033,Homo sapiens,2021,5352892,221908,113,50.5,5222,ST69,D,O15:H18,Urinary tract infection,Contig,ILLUMINA,73x,PRJNA357722,SAMN29923022,GCA_024395495.1,,SKESA v. 2.2,Pakistan,urine,clinical,PDS000114317.7,National University of Sciences & Technology
22.0331,Homo sapiens,2021,5140065,74718,210,50.5,5165,ST10,A,O48:H32,Urinary tract infection,Contig,ILLUMINA,46x,PRJNA357722,SAMN29923023,GCA_024395315.1,,SKESA v. 2.2,Pakistan,urine,clinical,,National University of Sciences & Technology
22.0332,Homo sapiens,2021,5282152,214645,85,50.5,5192,ST131,B2,O25:H4,Urinary tract infection,Contig,ILLUMINA,109x,PRJNA357722,SAMN29923024,GCA_024395295.1,,SKESA v. 2.2,Pakistan,urine,clinical,,National University of Sciences & Technology
22.0333,Homo sapiens,2021,4777255,171628,66,50.5,4630,ST1147,B2,O128:H35,Urinary tract infection,Contig,ILLUMINA,132x,PRJNA357722,SAMN29923025,GCA_024395335.1,,SKESA v. 2.2,Pakistan,urine,clinical,,National University of Sciences & Technology
22.0334,Homo sapiens,2021,5273466,134126,154,50.5,5302,ST410,C,O132:H9,Urinary tract infection,Contig,ILLUMINA,71x,PRJNA357722,SAMN29923026,GCA_024395615.1,,SKESA v. 2.2,Pakistan,urine,clinical,PDS000114316.1,National University of Sciences & Technology
22.0335,Homo sapiens,2021,4975493,219274,79,51,4831,ST156,B1,O100/O154:H28,Urinary tract infection,Contig,ILLUMINA,112x,PRJNA357722,SAMN29923027,GCA_024395355.1,,SKESA v. 2.2,Pakistan,urine,clinical,PDS000114315.2,National University of Sciences & Technology
22.0336,Homo sapiens,2021,4981626,219796,75,51,4834,ST156,B1,O100/O154:H28,Urinary tract infection,Contig,ILLUMINA,97x,PRJNA357722,SAMN29923028,GCA_024395375.1,,SKESA v. 2.2,Pakistan,urine,clinical,PDS000114315.2,National University of Sciences & Technology
22.0337,Homo sapiens,2021,5286027,173687,90,50.5,5203,ST131,B2,O25:H4,Urinary tract infection,Contig,ILLUMINA,60x,PRJNA357722,SAMN29923029,GCA_024395395.1,,SKESA v. 2.2,Pakistan,urine,clinical,,National University of Sciences & Technology
55989,Homo sapiens,12/6/2016,4989876,211807,47,50.786613,4966,ST131,B2,O25:H4,Urinary tract infection,Chromosome,Illumina MiSeq,30x,PRJNA389368,SAMN07196158,GCA_003028695.1,CP028304,SPAdes v. 3.10.1,"Pakistan: Sheikh Zaid Hospital, Lahore",urine,clinical,PDS000153659.1,"Asma Manzoor, Nabila Ishaq"
01_ST405,Homo sapiens,2014,5202454,144053,110,50.5,5179,ST405,D,O102:H6,Urinary tract infection,Contig,Illumina MiSeq,30x,PRJNA1247109,SAMN47804029,GCA_049537715.1,,SPAdes v. 3.11,Pakistan: Isalambad,urine,clinical,PDS000211884.2,"Ihsan Ali, Hazara University"
06_ST131,Homo sapiens,2014,5359055,197515,132,50.5,5440,ST131,B2,O25:H4,Urinary tract infection,Contig,Illumina MiSeq,30x,PRJNA1247109,SAMN47804030,GCA_049537675.1,,SPAdes v. 3.11,Pakistan: Isalambad,urine,clinical,,"Ihsan Ali, Hazara University"
11_ST131,Homo sapiens,2014,5326642,191062,136,50.5,5386,ST131,B2,O25:H4,Urinary tract infection,Contig,Illumina MiSeq,30x,PRJNA1247109,SAMN47804020,GCA_049538135.1,,SPAdes v. 3.11,Pakistan: Isalambad,urine,clinical,PDS000226050.1,"Ihsan Ali, Hazara University"
12_ST405,Homo sapiens,2014,5485357,147063,131,50.5,5519,ST405,D,O102:H6,Urinary tract infection,Contig,Illumina MiSeq,30x,PRJNA1247109,SAMN47804025,GCA_049537635.1,,SPAdes v. 3.11,Pakistan: Isalambad,urine,clinical,,"Ihsan Ali, Hazara University"
14_ST131,Homo sapiens,2014,5281928,188644,139,50.5,5404,ST131,B2,O25:H4,Urinary tract infection,Contig,Illumina MiSeq,30x,PRJNA1247109,SAMN47804033,GCA_049538035.1,,SPAdes v. 3.11,Pakistan: Isalambad,urine,clinical,,"Ihsan Ali, Hazara University"
15_ST648,Homo sapiens,2014,5253887,169568,143,50.5,5281,ST648,F,O153:H6,Urinary tract infection,Contig,Illumina MiSeq,30x,PRJNA1247109,SAMN47804031,GCA_049537695.1,,SPAdes v. 3.11,Pakistan: Isalambad,urine,clinical,,"Ihsan Ali, Hazara University"
157_ST10,Homo sapiens,2014,4935202,126451,137,50.5,4971,ST617,A,-:H9,Urinary tract infection,Contig,Illumina MiSeq,30x,PRJNA1247109,SAMN47804039,GCA_049537955.1,,SPAdes v. 3.11,Pakistan: Isalambad,urine,clinical,,"Ihsan Ali, Hazara University"
16_ST162,Homo sapiens,2014,4985581,163510,110,50.5,4963,ST162,B1,O88:H10,Urinary tract infection,Contig,Illumina MiSeq,30x,PRJNA1247109,SAMN47804037,GCA_049537735.1,,SPAdes v. 3.11,Pakistan: Isalambad,urine,clinical,PDS000226053.1,"Ihsan Ali, Hazara University"
175_ST405,Homo sapiens,2014,5200177,145814,119,50.5,5179,ST405,D,O102:H6,Urinary tract infection,Contig,Illumina MiSeq,30x,PRJNA1247109,SAMN47804036,GCA_049538055.1,,SPAdes v. 3.11,Pakistan: Isalambad,urine,clinical,PDS000211884.2,"Ihsan Ali, Hazara University"
21_ST162,Homo sapiens,2014,4984737,165062,110,50.5,4965,ST62,B1,O88:H10,Urinary tract infection,Contig,Illumina MiSeq,30x,PRJNA1247109,SAMN47804027,GCA_049537835.1,,SPAdes v. 3.11,Pakistan: Isalambad,urine,clinical,PDS000226053.1,"Ihsan Ali, Hazara University"
31_ST131,Homo sapiens,2014,5334668,199986,143,50.5,5319,ST38,D,O1:H15,Urinary tract infection,Contig,Illumina MiSeq,30x,PRJNA1247109,SAMN47804022,GCA_049537615.1,,SPAdes v. 3.11,Pakistan: Isalambad,urine,clinical,PDS000043001.3,"Ihsan Ali, Hazara University"
38_ST131,Homo sapiens,2014,5489585,187284,144,50.5,5627,ST131,B2,O25:H4,Urinary tract infection,Contig,Illumina MiSeq,30x,PRJNA1247109,SAMN47804035,GCA_049538015.1,,SPAdes v. 3.11,Pakistan: Isalambad,urine,clinical,PDS000226579.1,"Ihsan Ali, Hazara University"
44_ST131,Homo sapiens,2014,5397359,191062,140,50.5,5505,ST131,B2,O25:H4,Urinary tract infection,Contig,Illumina MiSeq,30x,PRJNA1247109,SAMN47804028,GCA_049538075.1,,SPAdes v. 3.11,Pakistan: Isalambad,urine,clinical,PDS000118492.3,"Ihsan Ali, Hazara University"
51_ST131,Homo sapiens,2014,5486538,197842,143,50.5,5617,ST131,B2,O25:H4,Urinary tract infection,Contig,Illumina MiSeq,30x,PRJNA1247109,SAMN47804032,GCA_049706195.1,,SPAdes v. 3.11,Pakistan: Isalambad,urine,clinical,PDS000226579.1,"Ihsan Ali, Hazara University"
59_ST38,Homo sapiens,2014,5334598,222568,118,50.5,5416,ST131,B2,O25:H4,Urinary tract infection,Contig,Illumina MiSeq,30x,PRJNA1247109,SAMN47804021,GCA_049537655.1,,SPAdes v. 3.11,Pakistan: Isalambad,urine,clinical,,"Ihsan Ali, Hazara University"
81_ST10,Homo sapiens,2014,5282394,119457,193,50.5,5343,ST10,A,O15:H4,Urinary tract infection,Contig,Illumina MiSeq,30x,PRJNA1247109,SAMN47804034,GCA_049538115.1,,SPAdes v. 3.11,Pakistan: Isalambad,urine,clinical,,"Ihsan Ali, Hazara University"
82_ST405,Homo sapiens,2014,5283034,119947,149,50.5,5282,ST405,D,O102:H6,Urinary tract infection,Contig,Illumina MiSeq,30x,PRJNA1247109,SAMN47804026,GCA_049537875.1,,SPAdes v. 3.11,Pakistan: Isalambad,urine,clinical,,"Ihsan Ali, Hazara University"
85_ST131,Homo sapiens,2014,5364502,222420,123,50.5,5446,ST131,B2,O25:H4,Urinary tract infection,Contig,Illumina MiSeq,30x,PRJNA1247109,SAMN47804038,GCA_049537755.1,,SPAdes v. 3.11,Pakistan: Isalambad,urine,clinical,,"Ihsan Ali, Hazara University"
87_ST131,Homo sapiens,2014,5148939,212315,99,50.5,5155,ST131,B2,O25:H4,Urinary tract infection,Contig,Illumina MiSeq,30x,PRJNA1247109,SAMN47804023,GCA_049537845.1,,SPAdes v. 3.11,Pakistan: Isalambad,urine,clinical,,"Ihsan Ali, Hazara University"
98_ST405,Homo sapiens,2014,5381810,171413,156,50.5,5398,ST405,D,O102:H6,Urinary tract infection,Contig,Illumina MiSeq,30x,PRJNA1247109,SAMN47804024,GCA_049537915.1,,SPAdes v. 3.11,Pakistan: Isalambad,urine,clinical,,"Ihsan Ali, Hazara University"
APEC 01,Homo sapiens,12/6/2016,4609982,106447,68,50.83303,4500,ST167,A,-:H9,Urinary tract infection,Chromosome,Illumina MiSeq,30x,PRJNA389368,SAMN07196152,GCA_003028815.1,CP028310,SPAdes v. 3.10.1,"Pakistan: Sheikh Zaid Hospital, Lahore",urine,clinical,PDS000121695.1,"Asma Manzoor, Nabila Ishaq"
B2,Homo sapiens,10/30/2017,5075880,55487,407,50.69986,5360,ST44,A,-:H4,Urinary tract infection,Contig,Illumina MiSeq,30x,PRJNA630338,SAMN14832660,GCA_013240345.1,JABFHH000000000,Newbler v. 3.0,Pakistan,Vaginal swab,clinical,,
CFT073,Homo sapiens,,5231428,5231428,1,50.5,5589,ST73,B2,O6:H1,Urinary tract infection,Complete Genome,,1x,PRJNA313,SAMN02604094,GCA_000007445.1,AE014075,,USA: Maryland,,,,"University of Wisconsin-Madison, USA"
CFT073,Homo sapiens,12/6/2016,4721099,88381,94,50.760834,4615,ST453,B1,O23:H16,Urinary tract infection,Chromosome,Illumina MiSeq,30x,PRJNA389368,SAMN07196153,GCA_003028795.1,CP028309,SPAdes v. 3.10.1,"Pakistan: Sheikh Zaid Hospital, Lahore",urine,clinical,PDS000043352.2,"Asma Manzoor, Nabila Ishaq"
CUI-B1,Homo sapiens,10/5/2021,5458596,5112135,12,50.402027,6007,ST648,F,O1:H6,Urinary tract infection,Contig,Illumina MiSeq,170.0x,PRJNA956226,SAMN34205701,,JARWMK000000000,Geneious Prime v. 2023.1,Pakistan,Urine,clinical,,
E24377A,Homo sapiens,12/6/2016,4721864,88381,97,50.736443,4636,ST453,B1,O23:H16,Urinary tract infection,Chromosome,Illumina MiSeq,30x,PRJNA389368,SAMN07196154,GCA_003028775.1,CP028308,SPAdes v. 3.10.1,"Pakistan: Sheikh Zaid Hospital, Lahore",urine,clinical,PDS000043352.2,"Asma Manzoor, Nabila Ishaq"
EC1O25b:H4/ST131,Homo sapiens,6/5/2020,5228545,145838,275,50.676277,5488,ST131,B2,O25:H4,Urinary Tract Infection,Contig,ILLUMINA,250.0x,PRJNA1002788,SAMN36861360,,JAUZWA000000000,SPAdes v. PATRIC,Pakistan,Urine sample,clinical,,
EDL933,Homo sapiens,12/6/2016,4709911,88381,94,50.763325,4635,ST453,B1,O23:H16,Urinary tract infection,Chromosome,Illumina MiSeq,30x,PRJNA389368,SAMN07196157,GCA_003028715.1,CP028305,SPAdes v. 3.10.1,"Pakistan: Sheikh Zaid Hospital, Lahore",urine,clinical,PDS000043352.2,"Asma Manzoor, Nabila Ishaq"
EQ101,Homo sapiens,2/15/2020,5733813,13672,738,50.84226,6229,ST1193,B2,-:H5,Urinary tract infection,Contig,ILLUMINA,71.0x,PRJNA814894,SAMN26578128,GCA_022604675.1,JALAIU000000000,SPAdes v. 3.15.2,Pakistan,clinical sample,clinical,,Sareen Khan
MG655,Homo sapiens,12/6/2016,4736591,88381,97,50.777607,4665,ST453,B1,O23:H16,Urinary tract infection,Chromosome,Illumina MiSeq,30x,PRJNA389368,SAMN07196156,GCA_003028735.1,CP028306,SPAdes v. 3.10.1,"Pakistan: Sheikh Zaid Hospital, Lahore",urine,clinical,PDS000043352.2,"Asma Manzoor, Nabila Ishaq"
PK5074,Homo sapiens,12/17/2019,5321746,4781220,6,50.53351,5422,ST48,A,-:H11,Urinary Tract Infection,Complete Genome,Illumina HiSeq; Oxford Nanopore MinION,100x,PRJNA719724,SAMN18615003,GCA_017903455.1,"CP072802,CP072805,CP072804,CP072806,CP072803,CP072807",Unicycler v. 0.4.4,Pakistan: Faisalabad,Urine sample,clinical,PDS000094180.1,Dr. Mashkoor
PSU-5252,Homo sapiens,2021,4499739,99768,138,51,4388,ST871,A,O19:H19,Urinary tract infection,Contig,ILLUMINA,141x,PRJNA357722,SAMN27614555,GCA_023019465.1,,SKESA v. 2.2,Pakistan,urine,clinical,PDS000108590.2,National University of Sciences & Technology
PSU-5253,Homo sapiens,2021,4736757,131968,104,51,4600,ST10,A,O9:H9,Urinary tract infection,Contig,ILLUMINA,57x,PRJNA357722,SAMN27614556,GCA_023018845.1,,SKESA v. 2.2,Pakistan,urine,clinical,PDS000114318.1,National University of Sciences & Technology
PSU-5254,Homo sapiens,2021,5370962,191981,94,50.5,5304,ST131,B2,O25:H4,Urinary tract infection,Contig,ILLUMINA,91x,PRJNA357722,SAMN27614557,GCA_023019485.1,,SKESA v. 2.2,Pakistan,urine,clinical,,National University of Sciences & Technology
PSU-5255,Homo sapiens,2021,4988622,94792,142,51,4920,ST10,A,-:H10,Urinary tract infection,Contig,ILLUMINA,93x,PRJNA357722,SAMN27614558,GCA_023019125.1,,SKESA v. 2.2,Pakistan,urine,clinical,PDS000108331.1,National University of Sciences & Technology
PSU-5256,Homo sapiens,2021,5001620,119096,138,51,4939,ST10,A,-:H10,Urinary tract infection,Contig,ILLUMINA,67x,PRJNA357722,SAMN27614559,GCA_023019105.1,,SKESA v. 2.2,Pakistan,urine,clinical,PDS000108331.1,National University of Sciences & Technology
PSU-5257,Homo sapiens,2021,5248880,139499,126,50.5,5119,ST7401,D,O15:H18,Urinary tract infection,Contig,ILLUMINA,107x,PRJNA357722,SAMN27614560,GCA_023465455.1,,SKESA v. 2.2,Pakistan,urine,clinical,,National University of Sciences & Technology
PSU-5258,Homo sapiens,2021,5191637,108305,190,50.5,5237,ST452,B2,-:H27,Urinary tract infection,Contig,ILLUMINA,135x,PRJNA357722,SAMN27614561,GCA_023019145.1,,SKESA v. 2.2,Pakistan,urine,clinical,,National University of Sciences & Technology
PSU-5259,Homo sapiens,2021,5343231,158933,119,50.5,5288,ST131,B2,O25:H4,Urinary tract infection,Contig,ILLUMINA,93x,PRJNA357722,SAMN27614562,GCA_023019165.1,,SKESA v. 2.2,Pakistan,urine,clinical,PDS000130419.1,National University of Sciences & Technology
PSU-5260,Homo sapiens,2021,5020244,119017,158,50.5,4985,ST617,A,-:H10,Urinary tract infection,Contig,ILLUMINA,176x,PRJNA357722,SAMN27614563,GCA_023019185.1,,SKESA v. 2.2,Pakistan,urine,clinical,,National University of Sciences & Technology
PSU-5261,Homo sapiens,2021,5217943,209933,77,50.5,5070,ST648,F,O153:H6,Urinary tract infection,Contig,ILLUMINA,84x,PRJNA357722,SAMN27614564,GCA_023019205.1,,SKESA v. 2.2,Pakistan,urine,clinical,,National University of Sciences & Technology
PSU-5262,Homo sapiens,2021,5442617,176398,130,50.5,5327,ST648,F,O153:H6,Urinary tract infection,Contig,ILLUMINA,74x,PRJNA357722,SAMN27614565,GCA_023019225.1,,SKESA v. 2.2,Pakistan,urine,clinical,,National University of Sciences & Technology
PSU-5263,Homo sapiens,2021,5343881,163456,151,50.5,5218,ST648,F,O1:H6,Urinary tract infection,Contig,ILLUMINA,86x,PRJNA357722,SAMN27614566,GCA_023019245.1,,SKESA v. 2.2,Pakistan,urine,clinical,,National University of Sciences & Technology
PSU-5264,Homo sapiens,2021,5361453,186354,122,50.5,5226,ST69,D,O15:H18,Urinary tract infection,Contig,ILLUMINA,115x,PRJNA357722,SAMN27998150,GCA_023203875.1,,SKESA v. 2.2,Pakistan,urine,clinical,PDS000114317.7,National University of Sciences & Technology
PSU-5265,Homo sapiens,2021,5311178,191623,102,51,5262,ST131,B2,O25:H4,Urinary tract infection,Contig,ILLUMINA,95x,PRJNA357722,SAMN27614567,GCA_023019285.1,,SKESA v. 2.2,Pakistan,urine,clinical,PDS000108330.5,National University of Sciences & Technology
PSU-5266,Homo sapiens,2021,5287678,169760,131,51,5236,ST131,B2,O25:H4,Urinary tract infection,Contig,ILLUMINA,45x,PRJNA357722,SAMN27614568,GCA_023019305.1,,SKESA v. 2.2,Pakistan,urine,clinical,PDS000108330.5,National University of Sciences & Technology
PSU-5267,Homo sapiens,2021,5157367,137022,148,50.5,5109,ST648,F,O8:H4,Urinary tract infection,Contig,ILLUMINA,59x,PRJNA357722,SAMN27614569,GCA_023019265.1,,SKESA v. 2.2,Pakistan,urine,clinical,,National University of Sciences & Technology
PSU-5268,Homo sapiens,2021,5291270,81850,168,50.5,5106,ST452,D,O102:H6,Urinary tract infection,Contig,ILLUMINA,150x,PRJNA357722,SAMN27614570,GCA_023019345.1,,SKESA v. 2.2,Pakistan,urine,clinical,,National University of Sciences & Technology
PSU-5269,Homo sapiens,2021,5359521,180835,125,50.5,5312,ST131,B2,O25:H4,Urinary tract infection,Contig,ILLUMINA,76x,PRJNA357722,SAMN27614571,GCA_023019365.1,,SKESA v. 2.2,Pakistan,urine,clinical,PDS000109486.17,National University of Sciences & Technology
Sakai,Homo sapiens,12/6/2016,4709905,88381,94,50.763325,4637,ST453,B1,O23:H16,Urinary tract infection,Chromosome,Illumina MiSeq,30x,PRJNA389368,SAMN07196155,GCA_003028755.1,CP028307,SPAdes v. 3.10.1,"Pakistan: Sheikh Zaid Hospital, Lahore",urine,clinical,PDS000043352.2,"Asma Manzoor, Nabila Ishaq"
SB-U321,Homo sapiens,1/1/2025,5107553,39716,371,51,5198,ST131,B2,O25:H4,Urinary Tract Infection,Contig,Illumina,42x,PRJNA1284627,SAMN49729021,GCA_051906035.1,,SPAdes v. v4.2.0,Pakistan: Karachi,urine,clinical,,"Shaista Bhakhat, The Aga Khan University"
SB-U322,Homo sapiens,1/5/2025,5076071,45484,343,51,5126,ST167,A,-:H9,Urinary Tract Infection,Contig,Illumina,39x,PRJNA1284627,SAMN49729022,GCA_051906015.1,,SPAdes v. v4.2.0,Pakistan: Karachi,urine,clinical,PDS000139680.37,"Shaista Bhakhat, The Aga Khan University"
U1,Homo sapiens,12/18/2019,5272959,151471,118,50.70853,5470,ST131,B2,O25:H4,Urinary tract infection,Contig,Illumina HiSeq,98.02x,PRJNA770824,SAMN22237386,,JAJAWD000000000,CLC Genomics Workbench v. 20.0.4,"Pakistan: Rawalpindi, Fauji Foundation Hospital",UTI patients,clinical,,Zaara Ishaq
UPEC ECZMYU21,Homo sapiens,12/3/2020,5206704,94224,207,51,5186,_,B2,O25:H4,Urinary tract infection,Contig,Illumina,79x,PRJNA1073384,SAMN39829063,GCA_037483125.1,,SPAdes v. 3.9,Pakistan,Urine sample,clinical,PDS000156369.5,"AEG laboratory, department of Microbiology, Quaid-i-azam University, Islamabad"
ZRUEC11,Homo sapiens,2013,5326642,191062,136,50.717358,5718,ST131,B2,O25:H4,Urinary Tract Infection,Contig,Illumina HiSeq,30x,PRJNA473498,SAMN09274370,GCA_003668735.1,QICE00000000,SPAdes v. 4.11,Pakistan,urine,clinical,PDS000226050.1,Ihsan Ali
ZRUEC59,Homo sapiens,2013,5334668,199986,143,50.541027,5672,ST38,D,O1:H15,Urinary tract infection,Contig,Illumina HiSeq,30x,PRJNA474355,SAMN09298662,GCA_004193385.1,QKMW00000000,SPAdes v. 4.11,Pakistan,urine,clinical,PDS000043001.3,Ihsan Ali
,,,5175979.959,,,50.637562,5180.506849,,,,,,,,,,,,,,,,,
